did,fecha,origen,destino,id_compra,vid,pid
218,2022-01-31 08:32:42,539,214,156,13,435
71,2022-03-20 19:01:03,567,152,111,86,365
76,2021-01-17 04:25:22,962,51,39,75,388
317,2021-12-20 02:13:34,1084,1045,32,90,554
27,2021-02-27 21:42:22,838,267,296,40,314
108,2022-04-10 04:18:01,156,688,277,100,768
87,2021-02-10 18:32:23,1094,814,22,77,756
233,2022-05-02 06:47:24,1063,637,307,4,520
78,2021-11-19 01:21:51,145,435,35,14,232
8,2022-04-28 15:54:27,494,173,106,68,258
288,2021-02-06 07:33:17,838,1070,166,7,160
11,2021-12-24 01:44:56,711,454,155,40,314
251,2021-01-19 00:18:11,393,179,229,59,156
29,2022-03-11 15:02:38,309,809,264,2,478
284,2021-04-11 21:28:57,324,277,274,97,403
192,2022-02-09 05:15:38,492,745,266,91,216
153,2021-03-31 09:19:33,194,403,95,106,332
102,2021-03-15 04:07:09,648,573,14,14,380
99,2021-12-09 14:27:45,156,67,26,80,535
256,2021-10-18 20:10:54,1061,971,314,22,722
40,2021-10-12 09:30:25,823,804,315,34,151
173,2021-08-18 16:41:35,701,406,269,114,11
160,2021-03-24 04:00:17,823,815,320,53,97
79,2022-04-16 16:43:49,283,453,9,90,798
143,2022-03-05 08:17:26,1064,209,24,83,270
39,2021-03-20 04:25:54,1061,287,53,105,475
210,2021-02-28 06:24:27,1011,355,291,116,217
33,2022-02-20 12:00:47,528,875,96,3,800
116,2021-12-07 07:32:12,528,85,45,33,378
186,2021-11-09 12:48:55,892,68,70,85,404
198,2021-01-07 15:14:35,962,979,164,51,298
277,2022-03-17 08:17:27,183,110,240,104,128
52,2021-08-29 11:46:50,172,405,31,53,73
211,2021-12-25 17:51:50,773,735,214,11,705
100,2021-01-07 21:45:34,1068,929,175,112,702
96,2021-02-15 17:23:02,229,568,228,65,660
323,2022-02-14 23:20:26,1084,572,133,3,250
265,2021-08-16 09:48:31,711,656,319,40,793
0,2021-11-11 08:34:09,208,851,49,111,535
299,2022-01-27 08:42:48,962,51,38,91,603
231,2022-04-12 22:52:39,1049,575,47,102,452
322,2021-11-24 03:29:23,1084,920,10,74,519
254,2021-07-10 02:29:07,506,1022,178,6,693
15,2021-01-13 16:07:23,819,465,199,106,144
24,2022-02-03 03:44:08,990,391,73,45,475
243,2021-10-04 20:20:31,990,940,29,66,26
13,2021-04-07 20:07:23,618,550,191,78,216
300,2021-07-09 07:25:40,990,1042,67,73,495
70,2021-04-26 18:30:16,957,507,179,91,792
136,2021-12-24 02:33:58,400,1026,117,31,21
120,2021-03-13 04:43:25,787,4,287,0,353
97,2021-03-27 01:05:50,1011,755,0,97,168
314,2022-01-10 01:32:57,892,409,98,85,614
266,2021-03-04 14:28:41,229,279,276,2,809
54,2021-08-05 22:12:19,838,8,126,1,38
148,2021-06-28 00:31:30,294,298,128,48,581
45,2022-04-28 15:31:19,990,253,68,15,790
145,2021-10-06 22:20:32,618,136,251,54,690
315,2021-01-20 03:28:17,711,768,210,7,635
163,2022-04-12 13:03:38,582,474,62,30,75
135,2021-07-21 18:16:34,657,1065,195,114,11
85,2022-04-07 10:08:03,657,795,221,27,396
139,2021-11-04 11:37:33,773,312,263,69,309
269,2021-07-03 07:41:53,539,464,19,62,151
190,2021-07-28 20:08:03,170,1062,157,61,799
308,2021-06-22 05:20:06,462,603,88,18,25
321,2021-06-10 05:04:52,387,499,121,53,518
283,2022-04-23 18:11:53,670,451,66,73,395
10,2021-05-20 16:51:11,172,1046,90,5,551
126,2022-01-16 16:09:20,618,654,208,97,168
177,2021-04-01 01:14:13,100,455,119,100,813
206,2021-06-09 17:39:47,372,274,18,31,812
193,2021-01-04 22:10:32,835,611,48,9,99
147,2021-09-11 13:19:39,1049,84,188,73,146
63,2021-11-22 02:17:14,429,609,107,75,259
286,2021-05-08 22:45:22,648,997,58,0,141
214,2021-08-26 17:31:37,309,877,260,113,184
306,2022-04-07 21:39:17,194,951,299,35,52
279,2021-07-20 13:59:52,1084,766,139,3,273
204,2022-01-21 23:05:52,309,149,297,20,95
311,2021-10-26 17:05:25,182,667,170,60,592
295,2021-11-19 03:53:08,225,997,2,38,677
134,2021-03-13 06:20:54,532,1085,143,20,38
304,2021-04-29 17:07:45,567,375,273,11,728
90,2021-08-24 03:58:15,730,282,65,101,682
221,2021-11-10 07:06:24,377,201,3,80,296
276,2021-08-29 15:54:09,670,396,80,101,181
38,2021-10-06 11:05:40,632,143,159,33,728
23,2021-02-27 08:52:08,506,619,158,6,72
182,2021-05-08 12:51:23,194,602,217,86,579
112,2021-10-16 07:36:47,225,543,94,28,785
203,2021-08-24 12:09:38,194,427,110,106,820
92,2021-03-16 12:09:55,158,328,312,12,470
110,2022-03-24 12:56:55,377,72,137,88,183
216,2021-09-12 19:29:51,777,763,17,80,296
86,2022-02-28 04:30:31,950,653,290,102,75
239,2021-01-15 00:07:00,679,849,79,76,353
19,2021-12-19 07:33:09,1064,1001,141,20,95
185,2021-11-13 23:03:17,701,927,237,114,639
280,2022-03-30 07:34:55,1068,738,268,56,448
247,2021-11-17 01:00:56,183,300,30,17,114
319,2022-03-14 09:08:11,387,218,54,81,115
293,2022-03-22 10:33:24,1061,788,202,84,274
55,2021-11-05 18:59:08,183,113,131,96,673
296,2021-04-11 05:03:48,969,910,145,45,274
109,2021-01-09 09:57:12,225,611,92,31,302
83,2021-05-03 04:05:00,400,930,200,31,614
271,2021-10-30 09:33:18,777,230,262,10,780
258,2021-10-10 14:34:41,679,676,293,30,75
175,2022-03-14 13:02:32,1055,197,46,7,340
118,2021-05-16 22:03:46,208,13,233,52,120
44,2021-04-15 07:32:52,539,137,97,38,687
68,2021-11-23 03:46:22,772,556,316,22,560
16,2021-04-21 06:03:52,494,6,50,22,236
88,2021-11-09 18:29:18,156,1040,12,100,354
46,2021-05-26 16:20:20,208,425,311,52,592
196,2021-02-23 22:55:35,618,762,211,106,820
205,2022-01-01 20:05:19,582,807,168,30,192
121,2021-09-11 17:22:00,823,750,192,31,181
297,2021-05-16 23:02:16,324,397,225,69,706
157,2021-10-26 01:41:23,957,321,185,115,329
30,2021-08-27 00:20:21,156,728,313,80,691
60,2022-03-26 20:42:06,294,466,324,18,254
165,2021-04-03 19:30:59,987,564,176,76,496
267,2022-03-08 00:39:35,701,922,284,50,283
191,2021-11-12 08:54:54,492,149,220,32,411
307,2021-08-24 00:37:02,772,216,89,62,646
119,2021-12-12 11:06:12,1011,279,40,11,536
41,2021-02-07 08:49:50,701,860,21,22,629
93,2021-09-17 17:13:18,212,1076,230,22,723
1,2022-01-09 19:28:29,1074,674,116,71,710
49,2022-04-11 06:24:43,1011,355,243,16,228
28,2021-03-14 10:42:50,1011,551,162,116,537
273,2021-06-05 08:22:39,1061,678,6,83,634
128,2021-12-01 02:22:18,225,1087,5,74,397
66,2021-05-30 19:38:46,567,1023,298,71,230
123,2021-08-16 03:38:31,957,971,193,24,615
155,2021-03-09 03:10:43,711,791,150,108,460
61,2022-02-06 00:04:17,957,847,189,32,160
12,2022-03-12 19:29:14,225,68,130,74,577
207,2022-04-22 20:22:50,1049,568,169,93,518
106,2021-08-10 18:32:08,1011,873,152,71,161
47,2022-03-30 21:28:59,404,820,11,97,79
81,2021-04-27 05:04:28,542,367,201,32,411
65,2022-03-02 04:36:24,387,177,239,81,264
170,2021-11-02 06:00:12,841,629,255,16,289
122,2021-08-30 15:33:39,241,84,317,96,818
178,2021-11-05 12:55:14,404,827,16,11,653
140,2021-02-08 06:57:27,156,1012,25,88,33
303,2021-06-12 00:03:16,283,101,69,79,599
268,2022-02-24 00:27:24,150,656,261,52,582
158,2022-04-29 09:34:21,1064,375,149,23,136
249,2022-01-03 16:12:07,711,300,161,7,160
264,2021-12-04 18:26:08,957,356,301,24,106
2,2022-03-14 07:30:24,183,1082,72,104,691
298,2021-08-15 16:38:20,183,185,281,109,536
167,2021-07-04 01:36:06,285,812,151,34,515
302,2022-01-22 04:14:50,823,1042,123,82,84
179,2022-04-14 00:19:47,1061,981,181,83,385
281,2021-04-16 12:19:42,711,849,20,85,382
125,2021-05-31 02:36:04,1011,264,144,16,655
5,2021-12-08 19:37:15,823,405,153,107,798
174,2021-06-14 02:47:06,213,601,292,30,323
117,2022-04-10 21:06:26,1088,363,275,115,710
262,2021-05-31 02:18:56,208,638,115,5,316
285,2021-02-21 18:11:44,990,649,183,15,568
161,2021-06-09 16:18:06,532,884,245,2,701
209,2022-01-13 10:44:58,393,347,196,4,797
305,2022-04-03 14:18:45,711,138,283,85,61
9,2021-02-28 07:31:42,957,465,34,70,497
222,2021-11-19 22:28:20,506,961,74,91,792
263,2021-09-21 03:44:09,1053,48,148,40,53
291,2021-05-22 18:26:17,701,43,216,113,399
261,2021-09-08 05:05:06,257,963,103,75,259
287,2021-01-06 11:25:14,272,597,289,59,630
260,2021-06-22 17:50:40,1055,685,180,1,407
151,2021-02-13 16:54:34,823,86,235,43,356
18,2021-02-25 12:55:53,156,378,118,80,535
176,2022-04-05 22:15:37,229,769,309,83,634
245,2021-04-20 14:28:52,777,496,241,100,768
184,2021-12-05 12:02:08,819,173,310,63,286
51,2021-03-18 11:29:05,1084,970,194,31,118
301,2021-02-07 10:21:16,494,223,125,43,20
34,2021-10-29 17:59:46,618,961,43,81,412
226,2022-03-27 15:45:19,286,202,52,71,119
199,2021-07-06 13:19:57,294,598,101,34,535
228,2022-03-07 07:15:20,838,955,252,85,154
168,2021-07-14 04:16:05,990,397,198,101,682
101,2021-08-11 21:09:52,532,433,259,22,687
313,2021-03-07 00:58:07,670,142,271,98,385
127,2021-02-24 19:18:11,698,480,249,21,206
290,2022-01-19 03:13:07,194,916,207,78,71
94,2021-12-23 05:15:48,962,592,4,70,181
103,2021-05-17 23:51:45,532,434,7,84,520
111,2021-10-23 09:07:36,294,515,294,5,55
257,2022-02-09 17:55:21,772,76,127,90,502
212,2021-10-11 02:37:48,542,374,61,70,455
282,2022-03-10 19:53:25,1063,683,206,114,11
229,2022-02-24 07:10:07,1074,0,224,11,289
142,2021-03-08 00:44:55,272,1067,232,105,269
113,2021-07-12 19:28:39,648,280,282,44,804
154,2021-07-22 03:51:57,324,447,209,8,536
189,2021-02-11 21:40:29,100,6,265,10,410
91,2021-03-13 21:47:43,866,134,248,96,173
188,2021-08-29 20:38:59,208,1091,44,61,375
310,2021-02-17 17:08:17,777,42,82,42,282
292,2021-09-24 10:58:58,528,123,177,74,415
180,2022-04-15 04:33:39,400,1017,147,79,15
250,2021-11-11 05:26:10,182,874,171,14,570
275,2021-04-22 11:38:34,1053,338,81,108,136
31,2022-01-26 22:27:49,183,328,23,60,444
64,2021-05-04 00:53:38,194,413,8,11,239
201,2021-12-26 14:34:16,156,806,205,21,478
289,2022-03-21 03:39:52,1011,29,136,35,335
152,2021-03-17 12:19:55,962,101,173,115,815
56,2021-12-24 11:21:14,291,864,288,115,710
146,2021-04-05 08:36:03,773,797,105,54,690
224,2021-05-27 18:51:51,567,83,41,106,669
67,2021-10-30 22:50:01,532,590,122,46,671
223,2022-02-11 00:41:53,324,713,13,35,398
230,2021-01-04 18:02:38,309,368,236,22,245
208,2022-01-07 03:55:36,858,507,93,74,464
181,2021-07-18 05:21:56,294,684,305,48,823
220,2021-12-04 16:08:37,225,707,278,31,614
138,2021-11-28 21:06:15,772,649,184,50,715
294,2021-12-15 09:36:50,225,118,306,28,712
159,2022-02-18 06:22:28,777,446,77,21,39
21,2022-04-21 10:27:10,823,726,51,5,551
6,2022-04-21 16:49:32,492,635,258,6,682
217,2021-07-01 03:58:08,429,1077,254,24,409
17,2022-01-10 01:53:29,283,479,215,13,436
149,2021-10-30 20:32:23,819,254,78,78,396
248,2021-06-10 05:12:03,618,926,84,11,653
50,2021-05-25 13:03:23,823,812,267,82,12
202,2021-02-11 20:41:32,1094,246,295,17,313
35,2021-02-25 11:34:45,892,282,257,40,503
4,2021-05-03 15:09:23,213,433,187,76,496
42,2021-09-05 09:15:34,225,703,56,28,709
162,2021-06-03 17:59:54,429,22,204,32,411
115,2021-07-14 08:24:47,632,470,87,94,274
53,2022-02-07 22:56:42,613,1001,154,24,321
130,2021-07-02 15:39:09,957,111,303,32,411
82,2021-09-19 01:53:58,539,764,109,31,273
309,2022-03-16 19:55:33,679,563,227,30,192
197,2021-02-19 02:00:07,429,546,212,70,75
114,2022-03-04 11:40:04,1053,1087,28,85,671
150,2021-04-25 16:11:10,1094,1058,247,112,598
36,2022-04-28 21:12:17,892,36,304,7,318
272,2022-01-04 20:04:53,1084,886,112,90,515
164,2021-05-11 19:44:36,156,1040,142,80,100
278,2021-12-22 02:20:14,1011,878,63,19,598
131,2021-09-23 19:27:54,777,353,102,42,397
183,2021-01-24 00:21:53,213,918,124,16,376
270,2021-11-17 21:00:02,582,673,146,30,131
25,2021-04-25 23:33:34,294,612,99,64,674
318,2021-06-06 06:17:06,122,607,223,72,525
215,2021-08-18 08:58:08,539,179,234,94,725
3,2021-08-18 11:37:24,225,166,300,90,86
312,2021-02-05 07:52:18,876,897,226,109,723
72,2021-11-17 07:32:54,819,454,140,26,695
246,2022-01-28 22:13:03,594,1035,242,116,472
156,2021-10-01 05:59:33,679,48,60,30,442
69,2021-01-03 14:12:54,494,733,182,113,779
22,2021-12-02 13:56:10,528,921,272,29,728
240,2022-01-04 18:39:07,208,646,322,87,678
59,2021-08-26 14:30:38,532,901,246,46,97
132,2022-02-13 19:13:37,429,123,167,91,603
237,2021-06-18 22:43:02,213,245,203,30,75
194,2021-08-03 23:44:09,241,321,238,72,0
57,2022-01-26 12:40:52,145,224,104,49,514
234,2021-09-12 20:15:36,539,978,218,38,376
244,2021-03-10 00:40:54,957,1008,270,91,478
141,2021-03-26 20:45:22,1084,50,244,79,669
320,2021-11-30 19:26:13,387,575,71,81,416
213,2021-12-07 04:40:51,285,562,85,58,710
219,2022-02-22 18:47:50,615,861,108,113,773
84,2022-01-04 08:56:07,962,137,190,24,415
104,2022-03-09 00:35:30,950,510,197,37,154
236,2022-04-19 07:14:55,838,588,36,85,534
14,2022-02-23 14:49:33,377,964,55,100,768
73,2021-07-07 17:23:52,567,937,256,35,366
200,2021-11-29 17:10:17,1074,677,114,106,820
43,2022-03-25 10:36:46,962,467,42,91,32
89,2022-04-01 04:44:48,156,569,37,10,780
32,2021-01-23 22:56:42,145,596,250,103,484
324,2021-05-22 01:35:24,582,581,57,116,537
37,2021-07-17 08:34:51,387,607,163,87,25
252,2021-10-15 08:02:51,156,383,219,100,55
195,2021-01-31 03:09:19,324,139,113,11,536
241,2021-03-03 14:46:26,1084,507,279,28,34
74,2022-01-15 02:19:15,567,18,86,39,579
98,2021-03-08 07:13:51,962,464,100,51,513
169,2021-03-30 19:59:41,990,147,64,98,18
48,2022-03-25 14:15:15,257,712,172,91,351
26,2021-11-07 16:33:28,506,1022,76,6,299
253,2021-10-30 01:42:12,141,201,186,83,441
232,2021-10-12 04:09:58,294,250,165,110,104
75,2021-09-24 07:46:49,506,5,160,6,299
187,2021-10-31 08:29:28,772,510,318,65,93
62,2021-12-18 16:27:16,876,7,83,112,598
225,2021-01-04 18:43:35,962,930,286,6,640
7,2022-04-04 10:38:21,309,1086,120,83,415
171,2021-08-04 08:12:39,582,718,253,76,707
172,2022-04-18 19:30:19,567,399,285,63,97
255,2022-01-22 16:02:25,962,869,15,75,744
316,2021-08-24 07:28:08,1061,1089,308,113,773
133,2021-03-09 13:04:57,615,461,135,114,415
227,2021-09-13 15:28:07,1068,101,222,12,524
20,2021-12-07 19:38:44,777,240,302,100,354
80,2022-02-03 01:26:12,102,557,33,113,399
95,2021-07-06 02:34:47,532,534,280,20,458
129,2021-02-12 03:41:04,309,600,138,65,644
105,2021-08-03 05:46:19,950,998,132,101,194
238,2021-06-30 07:23:50,286,570,321,39,363
166,2022-02-18 07:25:55,990,219,91,92,813
274,2021-05-18 04:14:05,170,306,134,61,708
144,2022-03-25 05:15:07,772,362,1,13,530
58,2021-10-31 05:43:03,225,573,59,31,567
259,2021-05-21 15:35:58,990,351,129,102,444
137,2022-02-17 02:53:10,294,769,231,5,551
124,2021-02-26 11:10:10,158,173,27,17,689
235,2021-04-01 06:22:59,208,666,323,111,758
242,2021-05-23 14:46:10,838,449,75,85,641
107,2021-06-23 20:19:23,567,757,213,19,89
77,2021-02-17 04:57:29,294,885,174,34,706
